<Projects>
  <Project Name="Project1" UID="cc397fe1-6e47-4ff4-9381-2bff8eaae447">
    <Developers>
      <Developer Emp_ID="1" Name="dev1" />
      <Developer Emp_ID="2" Name="dev2" />
    </Developers>
    <Tasks>
      <Task ID="#1" Name="Todo1">
        <Tracker>Bug</Tracker>
        <Status>Done</Status>
        <Developer>1$dev1</Developer>
        <Priority>High</Priority>
        <Start_Date>28-05-2018 23:13:00</Start_Date>
        <End_Date>29-05-2018 23:13:00</End_Date>
        <Description>task1</Description>
      </Task>
      <Task ID="#2" Name="Todo2">
        <Tracker>CR</Tracker>
        <Status>Done</Status>
        <Developer>1$dev1</Developer>
        <Priority>Medium</Priority>
        <Start_Date>28-05-2018 23:13:59</Start_Date>
        <End_Date>30-05-2018 23:13:59</End_Date>
        <Description>task2</Description>
      </Task>
    </Tasks>
  </Project>
</Projects>